{"_runtime":143.155256433,"lr":0.0009798139799386263,"epoch":0,"trainer/global_step":2238,"train_loss":NaN,"val_loss":NaN,"_step":2240,"_timestamp":1.7405917999087846e+09,"_wandb":{"runtime":264}}