{"_wandb":{"runtime":266},"lr":0.0009479412692598999,"_runtime":147.095707141,"val_loss":NaN,"train_loss":NaN,"_timestamp":1.7405302026250606e+09,"_step":2240,"epoch":0,"trainer/global_step":2238}