epoch,lr,step,train_loss,val_loss
0,9.999999747378752e-06,0,,
0,5.949999831500463e-05,1,,
0,,1,,1.0553169250488281
0,,1,1.9906028509140015,
