{"_timestamp":1.740587624114991e+09,"epoch":0,"val_loss":NaN,"_wandb":{"runtime":225},"lr":0.0009479412692598999,"trainer/global_step":2238,"_step":2240,"train_loss":NaN,"_runtime":162.302615151}