{"epoch":5,"val_loss":0.03780330818832326,"_timestamp":1.7393875926048946e+09,"train_loss":0.03721337749983109,"_runtime":794.915790622,"_step":13445,"trainer/global_step":13433,"lr":0.0004268886405043304,"_wandb":{"runtime":912}}