epoch,lr,step,train_loss,val_loss
0,9.999999747378752e-06,0,,
0,0.0006699999794363976,1,,
0,0.0006699999794363976,2,,
0,,2,,0.010481730462031314
0,,2,0.03683704007349525,
