{"epoch":0,"_runtime":161.377879729,"trainer/global_step":2238,"_wandb":{"runtime":283},"_timestamp":1.7406017543177667e+09,"_step":2240,"val_loss":Infinity,"lr":0.0009798139799386263,"train_loss":Infinity}