{"train_loss":0.4138171773644069,"_step":26299,"_runtime":1697.207423833,"_timestamp":1.7405895662503247e+09,"val_loss":0.41318794111145113,"lr":0.0005100190755911171,"epoch":24,"_wandb":{"runtime":1759},"trainer/global_step":26249}