{"_wandb":{"runtime":3921},"trainer/global_step":35823,"_timestamp":1.7406085869959831e+09,"_step":35855,"lr":0.0003736915241461247,"val_loss":422.67394755553744,"train_loss":422.8825837615034,"_runtime":3709.310849421,"epoch":15}